﻿{
  "license": "",
  "file_hash": null,
  "name": "Refinery Toolkit for Space Planning",
  "version": "0.0.1",
  "description": "Collection of nodes to be used in Generative Space Planning workflows",
  "group": "",
  "keywords": [
    "Generative Design",
    "Space Planning",
    "Refinery"
  ],
  "dependencies": [],
  "contents": "",
  "engine_version": "2.0.1.5065",
  "engine": "dynamo",
  "engine_metadata": "",
  "site_url": "",
  "repository_url": "",
  "contains_binaries": true,
  "node_libraries": [
    "Autodesk.RefineryToolkits.SpacePlanning, Version=0.0.1, Culture=neutral, PublicKeyToken=null"
  ]
}
