{
  "license": "MIT",
  "file_hash": null,
  "name": "Refinery Toolkit for Massing [Sandbox]",
  "version": "0.0.1",
  "description": "Collection of nodes to be used in Generative Massing workflows",
  "group": "",
  "keywords": [
    "Generative Design",
    "Massing",
    "Refinery"
  ],
  "dependencies": [

  ],
  "contents": "",
  "engine_version": "2.0.2",
  "engine": "dynamo",
  "engine_metadata": "",
  "site_url": "",
  "repository_url": "",
  "contains_binaries": true,
  "node_libraries": [
    "Autodesk.RefineryToolkits.MassingSandbox, Version=0.0.1, Culture=neutral, PublicKeyToken=null"
  ]
}
